"","NTACode","ntaMHI","BoroName","NTAName","totalPop","Age3to4","Age5","Age6","Age7to9","Age10to11","playgrounds","totalChildren","percentChildren","playgroundsPer1KChildren","playgroundsPer1KResidents","discretePlaygrounds"
"1","BK09",107060.5,"Brooklyn","Brooklyn Heights-Cobble Hill",4053,409,172,141,382,220,2,1324,0.326671601283,1.51057401812689,0.493461633358006,"1.5 - 2.0"
"2","BK17",55567.3157894737,"Brooklyn","Sheepshead Bay-Gerritsen Beach-Manhattn Bch",14818,1300,603,613,1968,1208,9,5692,0.38412741260629,1.58116654954322,0.607369415575651,"1.5 - 2.0"
"3","BK19",33555.5555555556,"Brooklyn","Brighton Beach",7337,690,346,326,854,581,4,2797,0.381218481668257,1.43010368251698,0.545181954477307,"1.0 - 1.5"
"4","BK21",30582.25,"Brooklyn","Seagate-Coney Island",10023,773,390,400,1189,856,5,3608,0.35997206425222,1.38580931263858,0.49885263893046,"1.0 - 1.5"
"5","BK23",43905,"Brooklyn","West Brighton",2349,187,122,86,277,177,3,849,0.361430395913155,3.53356890459364,1.27713920817369,"2.0 or greater"
"6","BK25",42815.875,"Brooklyn","Homecrest",13739,1351,640,641,1784,1164,6,5580,0.406143096295218,1.0752688172043,0.436713006769052,"1.0 - 1.5"
"7","BK26",38909.125,"Brooklyn","Gravesend",7433,659,316,303,924,601,3,2803,0.377102112202341,1.07028184088477,0.403605542849455,"1.0 - 1.5"
"8","BK27",45353.4545454545,"Brooklyn","Bath Beach",7407,678,367,311,990,667,4,3013,0.406777372755502,1.32758048456688,0.54002970163359,"1.0 - 1.5"
"9","BK28",40793.3076923077,"Brooklyn","Bensonhurst West",22929,2082,1009,1015,2881,1892,8,8879,0.387238867809324,0.901002365131208,0.348903135766933,"0.5 - 1.0"
"10","BK29",41265.1111111111,"Brooklyn","Bensonhurst East",15413,1410,713,695,1969,1345,6,6132,0.397845974177642,0.978473581213307,0.389281775124895,"0.5 - 1.0"
"11","BK30",55911.0588235294,"Brooklyn","Dyker Heights",10889,973,487,511,1430,959,6,4360,0.400404077509413,1.37614678899083,0.551014785563413,"1.0 - 1.5"
"12","BK31",57405.8214285714,"Brooklyn","Bay Ridge",17726,1789,860,833,2305,1448,11,7235,0.408157508744218,1.52038700760194,0.620557373349882,"1.5 - 2.0"
"13","BK32",38726.8666666667,"Brooklyn","Sunset Park West",15507,1507,725,699,1957,1200,8,6088,0.392596891726317,1.31406044678055,0.51589604694654,"1.0 - 1.5"
"14","BK33",81820.5,"Brooklyn","Carroll Gardens-Columbia Street-Red Hook",8494,949,406,412,1124,663,12,3554,0.418412997409936,3.37647720877884,1.41276194961149,"2.0 or greater"
"15","BK34",32565.25,"Brooklyn","Sunset Park East",22634,2374,1186,1039,2947,1701,7,9247,0.408544667314659,0.757002271006813,0.30926924096492,"0.5 - 1.0"
"16","BK35",33915.5,"Brooklyn","Stuyvesant Heights",19908,1734,867,773,2518,1733,11,7625,0.383011854530842,1.44262295081967,0.552541691782198,"1.0 - 1.5"
"17","BK37",86236.2,"Brooklyn","Park Slope-Gowanus",12963,1602,703,682,1719,1011,6,5717,0.441024454215845,1.04950148679377,0.462855820411942,"1.0 - 1.5"
"18","BK38",73300.9166666667,"Brooklyn","DUMBO-Vinegar Hill-Downtown Brklyn-Boerum Hill",7741,755,324,329,879,585,7,2872,0.371011497222581,2.43732590529248,0.904275933341945,"2.0 or greater"
"19","BK40",74399,"Brooklyn","Windsor Terrace",4450,546,238,244,572,358,2,1958,0.44,1.02145045965271,0.449438202247191,"1.0 - 1.5"
"20","BK41",42401.375,"Brooklyn","Kensington-Ocean Parkway",11571,1071,543,569,1568,1019,2,4770,0.412237490277418,0.419287211740042,0.172845907873131,"0.0 - 0.5"
"21","BK42",45739.0769230769,"Brooklyn","Flatbush",31879,2913,1366,1373,4079,2727,8,12458,0.390790175350544,0.642157649703002,0.25094890053013,"0.5 - 1.0"
"22","BK43",54292.7777777778,"Brooklyn","Midwood",17262,1543,763,718,2204,1469,5,6697,0.387961997451049,0.746602956547708,0.289653574325107,"0.5 - 1.0"
"23","BK44",54256.5333333333,"Brooklyn","Madison",10349,943,447,439,1347,882,4,4058,0.392115180210648,0.98570724494825,0.386510773987825,"0.5 - 1.0"
"24","BK45",81466.6842105263,"Brooklyn","Georgetown-Marine Park-Bergen Beach-Mill Basin",12799,1233,647,630,1835,1214,7,5559,0.434330807094304,1.25921928404389,0.546917727947496,"1.0 - 1.5"
"25","BK46",50328,"Brooklyn","Ocean Parkway South",7370,789,353,327,896,600,2,2965,0.402306648575305,0.674536256323777,0.271370420624152,"0.5 - 1.0"
"26","BK50",61104.8235294118,"Brooklyn","Canarsie",25852,1981,990,1053,3326,2258,12,9608,0.371654030635928,1.24895920066611,0.464180721027387,"1.0 - 1.5"
"27","BK58",66227.2592592593,"Brooklyn","Flatlands",19594,1525,834,777,2567,1763,8,7466,0.381035010717567,1.071524243236,0.408288251505563,"1.0 - 1.5"
"28","BK60",39016.2777777778,"Brooklyn","Prospect Lefferts Gardens-Wingate",17993,1619,781,761,2261,1579,7,7001,0.389095759462013,0.999857163262391,0.389040182293114,"0.5 - 1.0"
"29","BK61",35124.4814814815,"Brooklyn","Crown Heights North",30719,2664,1190,1291,3857,2699,17,11701,0.380904326312705,1.45286727630117,0.553403431101273,"1.0 - 1.5"
"30","BK63",38801.4444444444,"Brooklyn","Crown Heights South",12353,1125,510,538,1525,1013,5,4711,0.381364850643568,1.06134578645723,0.404759977333441,"1.0 - 1.5"
"31","BK64",75478,"Brooklyn","Prospect Heights",3504,401,210,162,395,226,4,1394,0.397831050228311,2.86944045911047,1.14155251141553,"2.0 or greater"
"32","BK68",56697.8,"Brooklyn","Fort Greene",6238,576,259,223,634,445,9,2137,0.342577749278615,4.2115114646701,1.44277011862777,"2.0 or greater"
"33","BK69",54759.4,"Brooklyn","Clinton Hill",8641,806,325,317,924,540,9,2912,0.336998032635112,3.09065934065934,1.04154611734753,"2.0 or greater"
"34","BK72",22979.5714285714,"Brooklyn","Williamsburg",17830,2060,932,830,2319,1428,4,7569,0.424509254066181,0.528471396485665,0.224340998317443,"0.5 - 1.0"
"35","BK73",48191.5384615385,"Brooklyn","North Side-South Side",11168,1076,522,471,1375,868,14,4312,0.386103151862464,3.24675324675325,1.25358166189112,"2.0 or greater"
"36","BK75",32525.1578947368,"Brooklyn","Bedford",26203,2657,1315,1231,3563,2300,12,11066,0.422318055184521,1.08440267485993,0.457962828683738,"1.0 - 1.5"
"37","BK76",55471.9166666667,"Brooklyn","Greenpoint",4967,398,215,208,547,356,9,1724,0.347090799275216,5.22041763341067,1.81195892893094,"2.0 or greater"
"38","BK77",35294.3846153846,"Brooklyn","Bushwick North",18120,1661,840,746,2308,1451,8,7006,0.386644591611479,1.14187838995147,0.441501103752759,"1.0 - 1.5"
"39","BK78",36269.2857142857,"Brooklyn","Bushwick South",22908,1949,941,953,2818,1958,11,8619,0.376244106862232,1.27625014502843,0.480181595949013,"1.0 - 1.5"
"40","BK79",34653,"Brooklyn","Ocean Hill",11271,991,481,442,1464,1009,7,4387,0.389228994765327,1.59562343286984,0.621062904799929,"1.5 - 2.0"
"41","BK81",27581.5333333333,"Brooklyn","Brownsville",22178,1775,921,824,2824,1964,15,8308,0.374605464875101,1.80548868560424,0.676345928397511,"1.5 - 2.0"
"42","BK82",34286.8518518519,"Brooklyn","East New York",33380,2840,1372,1457,4332,2972,13,12973,0.388645895745956,1.00208124566407,0.389454763331336,"1.0 - 1.5"
"43","BK83",40903.75,"Brooklyn","Cypress Hills-City Line",17524,1500,766,731,2157,1617,3,6771,0.386384387126227,0.443066016836509,0.171193791371833,"0.0 - 0.5"
"44","BK85",33163.5555555556,"Brooklyn","East New York (Pennsylvania Ave)",11026,920,441,490,1441,918,5,4210,0.381824777797932,1.18764845605701,0.453473607836024,"1.0 - 1.5"
"45","BK88",38593.8928571429,"Brooklyn","Borough Park",49235,5598,2592,2374,7005,4115,12,21684,0.440418401543617,0.553403431101273,0.243729054534376,"0.5 - 1.0"
"46","BK90",47810.7,"Brooklyn","East Williamsburg",6301,479,243,212,683,487,5,2104,0.333915251547373,2.37642585551331,0.793524837327408,"2.0 or greater"
"47","BK91",56461.5789473684,"Brooklyn","East Flatbush-Farragut",13926,1130,514,545,1769,1195,7,5153,0.370027287088898,1.35843198137008,0.502656900761166,"1.0 - 1.5"
"48","BK93",24870,"Brooklyn","Starrett City",3384,259,124,135,397,291,NA,1206,0.356382978723404,0,0,"0.0 - 0.5"
"49","BK95",37440.4285714286,"Brooklyn","Erasmus",9032,788,400,390,1220,767,3,3565,0.394707705934455,0.841514726507714,0.33215234720992,"0.5 - 1.0"
"50","BK96",50191.5882352941,"Brooklyn","Rugby-Remsen Village",15938,1418,640,672,2083,1399,9,6212,0.389760321244824,1.44880875724404,0.564688166645752,"1.0 - 1.5"
"51","BK99",7075.8,"Brooklyn","park-cemetery-etc-Brooklyn",394,51,33,18,55,28,17,185,0.469543147208122,NA,NA,"Park"
"52","BX01",22520.5,"Bronx","Claremont-Bathgate",12700,1173,572,563,1681,1103,8,5092,0.400944881889764,1.57109190887667,0.62992125984252,"1.5 - 2.0"
"53","BX03",52855.125,"Bronx","Eastchester-Edenwald-Baychester",11536,891,515,453,1468,937,6,4264,0.369625520110957,1.40712945590994,0.520110957004161,"1.0 - 1.5"
"54","BX05",28490.7272727273,"Bronx","Bedford Park-Fordham North",19273,1741,835,823,2525,1599,2,7523,0.390338815960152,0.265851389073508,0.103772116432315,"0.0 - 0.5"
"55","BX06",22189.8,"Bronx","Belmont",11852,821,439,387,1247,824,2,3718,0.313702328720891,0.537923614846692,0.168747890651367,"0.5 - 1.0"
"56","BX07",35312.125,"Bronx","Bronxdale",10830,944,453,462,1396,959,4,4214,0.389104339796861,0.94921689606075,0.369344413665743,"0.5 - 1.0"
"57","BX08",32526.8571428571,"Bronx","West Farms-Bronx River",12203,1029,530,529,1576,1009,6,4673,0.382938621650414,1.28397175262144,0.491682373186921,"1.0 - 1.5"
"58","BX09",42211.4166666667,"Bronx","Soundview-Castle Hill-Clason Point-Harding Park",18528,1456,727,680,2354,1637,6,6854,0.369926597582038,0.875401225561716,0.323834196891192,"0.5 - 1.0"
"59","BX10",57849.1666666667,"Bronx","Pelham Bay-Country Club-City Island",5815,516,277,249,721,509,2,2272,0.390713671539123,0.880281690140845,0.343938091143594,"0.5 - 1.0"
"60","BX13",45234.6666666667,"Bronx","Co-Op City",10268,810,391,390,1237,961,NA,3789,0.369010518114531,0,0,"0.0 - 0.5"
"61","BX14",25827.0714285714,"Bronx","East Concourse-Concourse Village",21864,1984,966,935,2802,1890,4,8577,0.392288693743139,0.466363530371925,0.182949140139041,"0.0 - 0.5"
"62","BX17",21889.5833333333,"Bronx","East Tremont",17136,1489,754,712,2236,1592,6,6783,0.395833333333333,0.884564352056612,0.350140056022409,"0.5 - 1.0"
"63","BX22",66860.4444444444,"Bronx","North Riverdale-Fieldston-Riverdale",6851,605,257,263,696,451,6,2272,0.331630418916946,2.64084507042254,0.875784556998978,"2.0 or greater"
"64","BX26",27777.7142857143,"Bronx","Highbridge",13965,1279,691,594,1806,1186,7,5556,0.397851772287863,1.25989920806335,0.50125313283208,"1.0 - 1.5"
"65","BX27",20145,"Bronx","Hunts Point",10234,870,459,450,1281,911,4,3971,0.388020324408833,1.00730294636112,0.390854016025015,"1.0 - 1.5"
"66","BX28",35929.4,"Bronx","Van Cortlandt Village",15737,1416,616,644,1916,1307,5,5899,0.374849081781788,0.847601288353958,0.317722564656542,"0.5 - 1.0"
"67","BX29",66007.2222222222,"Bronx","Spuyten Duyvil-Kingsbridge",6771,637,326,296,845,528,3,2632,0.388716585437897,1.13981762917933,0.443066016836509,"1.0 - 1.5"
"68","BX30",30874,"Bronx","Kingsbridge Heights",10975,1002,482,470,1299,902,7,4155,0.378587699316629,1.68471720818291,0.637813211845103,"1.5 - 2.0"
"69","BX31",65523.7272727273,"Bronx","Allerton-Pelham Gardens",7969,679,361,312,1033,683,6,3068,0.384991843393148,1.95567144719687,0.75291755552767,"1.5 - 2.0"
"70","BX33",23500.2,"Bronx","Longwood",9830,875,410,400,1328,862,7,3875,0.394201424211597,1.80645161290323,0.712105798575788,"1.5 - 2.0"
"71","BX34",23971.375,"Bronx","Melrose South-Mott Haven North",15017,1299,681,645,2005,1272,8,5902,0.393021242591729,1.35547272111149,0.532729573150429,"1.0 - 1.5"
"72","BX35",24671.875,"Bronx","Morrisania-Melrose",14552,1247,633,632,1890,1355,8,5757,0.395615722924684,1.38961264547507,0.549752611324904,"1.0 - 1.5"
"73","BX36",26081.1428571429,"Bronx","University Heights-Morris Heights",20192,1706,837,844,2619,1701,11,7707,0.381685816164818,1.42727390683794,0.544770206022187,"1.0 - 1.5"
"74","BX37",53689.25,"Bronx","Van Nest-Morris Park-Westchester Square",9270,829,430,409,1233,832,3,3733,0.40269687162891,0.803643182427002,0.323624595469256,"0.5 - 1.0"
"75","BX39",21296.3076923077,"Bronx","Mott Haven-Port Morris",20032,1720,846,856,2549,1681,13,7652,0.381988817891374,1.69890224777836,0.648961661341853,"1.5 - 2.0"
"76","BX40",22328.4,"Bronx","Fordham South",11061,1070,510,459,1475,919,4,4433,0.400777506554561,0.902323482968644,0.3616309556098,"0.5 - 1.0"
"77","BX41",28782.2307692308,"Bronx","Mount Hope",19067,1790,811,785,2506,1603,12,7495,0.39308753343473,1.60106737825217,0.629359626579955,"1.5 - 2.0"
"78","BX43",32413.4285714286,"Bronx","Norwood",13505,1379,692,641,1752,1156,6,5620,0.416142169566827,1.06761565836299,0.444279896334691,"1.0 - 1.5"
"79","BX44",46662.5,"Bronx","Williamsbridge-Olinville",20720,1810,914,900,2779,1842,5,8245,0.39792471042471,0.606428138265616,0.241312741312741,"0.5 - 1.0"
"80","BX46",45098,"Bronx","Parkchester",8020,838,380,352,1136,650,3,3356,0.418453865336658,0.893921334922527,0.374064837905237,"0.5 - 1.0"
"81","BX49",48904,"Bronx","Pelham Parkway",7733,764,335,349,1048,671,2,3167,0.409543514806673,0.631512472371329,0.258631837579206,"0.5 - 1.0"
"82","BX52",60730.8,"Bronx","Schuylerville-Throgs Neck-Edgewater Park",12688,965,512,511,1600,1053,3,4641,0.36577868852459,0.646412411118294,0.236443883984868,"0.5 - 1.0"
"83","BX55",32870.7777777778,"Bronx","Soundview-Bruckner",12553,1115,563,531,1605,1139,6,4953,0.394567035768342,1.21138703815869,0.477973392814467,"1.0 - 1.5"
"84","BX59",42754.8571428571,"Bronx","Westchester-Unionport",8840,770,395,342,1170,810,5,3487,0.394457013574661,1.43389733295096,0.565610859728507,"1.0 - 1.5"
"85","BX62",56590.1428571429,"Bronx","Woodlawn-Wakefield",12193,992,511,513,1526,1120,3,4662,0.382350528992045,0.643500643500644,0.246042811449192,"0.5 - 1.0"
"86","BX63",27319.4285714286,"Bronx","West Concourse",14257,1307,602,636,1832,1207,10,5584,0.391667251174861,1.79083094555874,0.70140983376587,"1.5 - 2.0"
"87","BX75",20707.8333333333,"Bronx","Crotona Park East",7611,738,342,319,975,655,2,3029,0.397976612797267,0.660283922086497,0.262777558796479,"0.5 - 1.0"
"88","BX98",0,"Bronx","Rikers Island",2167,0,0,0,0,0,NA,0,0,0,0,"0.0 - 0.5"
"89","BX99",6539.57142857143,"Bronx","park-cemetery-etc-Bronx",520,53,33,19,74,40,32,219,0.421153846153846,NA,NA,"Park"
"90","MN01",41203.4285714286,"Manhattan","Marble Hill-Inwood",12685,1047,518,524,1499,1113,4,4701,0.370595191170674,0.850882790895554,0.315333070555774,"0.5 - 1.0"
"91","MN03",32725.0625,"Manhattan","Central Harlem North-Polo Grounds",21879,1903,948,893,2637,1859,14,8240,0.376616847205082,1.69902912621359,0.639882992824169,"1.5 - 2.0"
"92","MN04",34422.1428571429,"Manhattan","Hamilton Heights",12533,1030,471,436,1481,968,7,4386,0.349956115854145,1.59598723210214,0.558525492699274,"1.5 - 2.0"
"93","MN06",20398.8,"Manhattan","Manhattanville",6894,516,263,293,838,598,6,2508,0.363794604003481,2.39234449760766,0.870322019147084,"2.0 or greater"
"94","MN09",61285.5,"Manhattan","Morningside Heights",15298,771,408,349,1092,714,13,3334,0.217936985226827,3.89922015596881,0.84978428552752,"2.0 or greater"
"95","MN11",41198.1,"Manhattan","Central Harlem South",11342,983,488,474,1487,958,3,4390,0.387056956445071,0.683371298405467,0.264503614882737,"0.5 - 1.0"
"96","MN12",91197.1875,"Manhattan","Upper West Side",23392,2610,1193,1165,3124,1921,15,10013,0.428052325581395,1.49805253170878,0.64124487004104,"1.0 - 1.5"
"97","MN13",94046.8666666667,"Manhattan","Hudson Yards-Chelsea-Flat Iron-Union Square",9281,883,366,358,922,529,7,3058,0.329490356642603,2.28907782864617,0.754229070143303,"2.0 or greater"
"98","MN14",105526,"Manhattan","Lincoln Square",10418,1180,516,450,1070,641,3,3857,0.37022461124976,0.77780658542909,0.287963140717988,"0.5 - 1.0"
"99","MN15",66589.1428571429,"Manhattan","Clinton",4840,389,161,182,508,302,6,1542,0.318595041322314,3.89105058365759,1.2396694214876,"2.0 or greater"
"100","MN17",87365.3529411765,"Manhattan","Midtown-Midtown South",3924,237,83,108,217,126,NA,771,0.196483180428135,0,0,"0.0 - 0.5"
"101","MN19",98294.8181818182,"Manhattan","Turtle Bay-East Midtown",5126,614,258,230,588,339,4,2029,0.39582520483808,1.9714144898965,0.780335544284042,"1.5 - 2.0"
"102","MN20",91352.4285714286,"Manhattan","Murray Hill-Kips Bay",5787,484,210,194,493,308,4,1689,0.291861067910835,2.36826524570752,0.691204423708312,"2.0 or greater"
"103","MN21",96540.25,"Manhattan","Gramercy",4810,222,107,75,263,147,2,814,0.169230769230769,2.45700245700246,0.415800415800416,"2.0 or greater"
"104","MN22",63905.2857142857,"Manhattan","East Village",8470,287,122,128,367,254,5,1158,0.136717827626919,4.31778929188256,0.590318772136954,"2.0 or greater"
"105","MN23",104730.857142857,"Manhattan","West Village",10141,728,355,355,858,470,9,2766,0.272754166255793,3.25379609544469,0.887486441179371,"2.0 or greater"
"106","MN24",101778,"Manhattan","SoHo-TriBeCa-Civic Center-Little Italy",8175,902,392,375,900,532,5,3101,0.379327217125382,1.61238310222509,0.611620795107034,"1.5 - 2.0"
"107","MN25",117424.857142857,"Manhattan","Battery Park City-Lower Manhattan",6659,677,248,249,558,305,4,2037,0.305901787055113,1.96367206676485,0.600690794413576,"1.5 - 2.0"
"108","MN27",37852.5,"Manhattan","Chinatown",8810,738,367,365,1070,699,13,3239,0.367650397275823,4.01358443964186,1.47559591373439,"2.0 or greater"
"109","MN28",42543.4,"Manhattan","Lower East Side",17107,1367,714,724,2067,1434,16,6306,0.368621032325948,2.5372660957818,0.935289647512714,"2.0 or greater"
"110","MN31",89985.4,"Manhattan","Lenox Hill-Roosevelt Island",11434,1373,645,529,1474,834,3,4855,0.424610809865314,0.617919670442842,0.262375371698443,"0.5 - 1.0"
"111","MN32",92356.6666666667,"Manhattan","Yorkville",11227,1290,618,557,1458,868,3,4791,0.426739111071524,0.626174076393237,0.267212968736083,"0.5 - 1.0"
"112","MN33",39029.1818181818,"Manhattan","East Harlem South",16051,1232,612,648,1971,1319,11,5782,0.360226777147841,1.90245589761328,0.685315556663136,"1.5 - 2.0"
"113","MN34",27421,"Manhattan","East Harlem North",18209,1487,685,742,2235,1554,16,6703,0.368114668570487,2.3869908995972,0.87868636388599,"2.0 or greater"
"114","MN35",43928.2727272727,"Manhattan","Washington Heights North",17192,1437,690,671,1917,1309,9,6024,0.350395532805956,1.49402390438247,0.523499302000931,"1.0 - 1.5"
"115","MN36",33007.3333333333,"Manhattan","Washington Heights South",21711,1686,778,847,2397,1718,7,7426,0.342038597945742,0.942633988688392,0.32241720786698,"0.5 - 1.0"
"116","MN40",153145.428571429,"Manhattan","Upper East Side-Carnegie Hill",12158,1348,615,626,1895,1306,1,5790,0.476229643033394,0.172711571675302,0.0822503701266656,"0.0 - 0.5"
"117","MN50",95378.5,"Manhattan","Stuyvesant Town-Cooper Village",2900,253,129,118,310,200,1,1010,0.348275862068965,0.99009900990099,0.344827586206897,"0.5 - 1.0"
"118","MN99",0,"Manhattan","park-cemetery-etc-Manhattan",98,3,0,1,1,0,32,5,0.0510204081632653,NA,NA,"Park"
"119","QN01",47597.1428571429,"Queens","South Jamaica",13138,1043,543,556,1719,1151,7,5012,0.381488811082357,1.39664804469274,0.53280560207033,"1.0 - 1.5"
"120","QN02",60533.6666666667,"Queens","Springfield Gardens North",6825,535,249,299,866,597,4,2546,0.373040293040293,1.57109190887667,0.586080586080586,"1.5 - 2.0"
"121","QN03",75074.4,"Queens","Springfield Gardens South-Brookville",6471,563,268,278,791,577,4,2477,0.382784731880699,1.61485668146952,0.618142481842065,"1.5 - 2.0"
"122","QN05",80556.3333333333,"Queens","Rosedale",7829,560,321,315,1049,689,5,2934,0.374760505811726,1.70415814587594,0.638651168731639,"1.5 - 2.0"
"123","QN06",72190.625,"Queens","Jamaica Estates-Holliswood",6238,486,255,287,761,587,2,2376,0.38089131131773,0.841750841750842,0.320615581917281,"0.5 - 1.0"
"124","QN07",69593.6666666667,"Queens","Hollis",5892,503,235,208,711,515,3,2172,0.368635437881874,1.38121546961326,0.509164969450102,"1.0 - 1.5"
"125","QN08",64392.3913043478,"Queens","St. Albans",14405,1110,571,555,1817,1313,7,5366,0.372509545296772,1.30450987700335,0.485942381117667,"1.0 - 1.5"
"126","QN10",77538.875,"Queens","Breezy Point-Belle Harbor-Rockwy Prk-Broad Chnl",6839,602,313,335,947,598,6,2795,0.408685480333382,2.14669051878354,0.877321245796169,"2.0 or greater"
"127","QN12",41373.875,"Queens","Hammels-Arverne-Edgemere",12972,1158,566,559,1709,1212,14,5204,0.401171754548258,2.6902382782475,1.07924761023743,"2.0 or greater"
"128","QN15",39750.625,"Queens","Far Rockaway-Bayswater",17465,1712,812,746,2288,1455,10,7013,0.401545949040939,1.42592328532725,0.572573718866304,"1.0 - 1.5"
"129","QN17",72783.7916666667,"Queens","Forest Hills",15609,1710,753,814,2019,1222,10,6518,0.417579601511948,1.53421294875729,0.640656031776539,"1.5 - 2.0"
"130","QN18",58059.375,"Queens","Rego Park",5558,524,256,245,713,449,4,2187,0.393486865779057,1.82898948331047,0.719683339330695,"1.5 - 2.0"
"131","QN19",54248,"Queens","Glendale",8856,743,395,408,1087,774,4,3407,0.384710930442638,1.17405341943058,0.4516711833785,"1.0 - 1.5"
"132","QN20",42923.6842105263,"Queens","Ridgewood",20067,1924,927,859,2564,1636,7,7910,0.394179498679424,0.884955752212389,0.348831414760552,"0.5 - 1.0"
"133","QN21",56790.7777777778,"Queens","Middle Village",8320,767,383,387,1158,719,4,3414,0.410336538461538,1.17164616285882,0.480769230769231,"1.0 - 1.5"
"134","QN22",37462.6923076923,"Queens","Flushing",14378,1246,641,627,1776,1042,5,5332,0.37084434552789,0.937734433608402,0.347753512310474,"0.5 - 1.0"
"135","QN23",63394.6666666667,"Queens","College Point",6543,631,282,322,797,590,4,2622,0.400733608436497,1.5255530129672,0.611340363747516,"1.5 - 2.0"
"136","QN25",46326.5454545455,"Queens","Corona",17469,1761,809,814,2251,1383,4,7018,0.401740225542389,0.569962952408093,0.228977045051234,"0.5 - 1.0"
"137","QN26",45327.4444444444,"Queens","North Corona",16886,1766,891,782,2103,1253,4,6795,0.402404358640294,0.588668138337012,0.236882624659481,"0.5 - 1.0"
"138","QN27",53716.625,"Queens","East Elmhurst",7122,698,285,286,908,554,2,2731,0.383459702330806,0.732332478945441,0.2808199943836,"0.5 - 1.0"
"139","QN28",51575.2631578947,"Queens","Jackson Heights",27630,2672,1210,1254,3391,2251,7,10778,0.390083242851972,0.649471144924847,0.253347810351068,"0.5 - 1.0"
"140","QN29",44893.3529411765,"Queens","Elmhurst",22646,2157,1042,1009,2919,1744,9,8871,0.391724807913097,1.01454176530267,0.397421178133004,"1.0 - 1.5"
"141","QN30",59308.0714285714,"Queens","Maspeth",7885,802,343,392,1064,671,6,3272,0.414965123652505,1.83374083129584,0.760938490805327,"1.5 - 2.0"
"142","QN31",50641.4210526316,"Queens","Hunters Point-Sunnyside-West Maspeth",12599,1221,528,588,1549,959,7,4845,0.384554329708707,1.44478844169247,0.555599650765934,"1.0 - 1.5"
"143","QN33",83373.2307692308,"Queens","Cambria Heights",4726,372,187,186,604,391,5,1740,0.368176047397376,2.8735632183908,1.05797714769361,"2.0 or greater"
"144","QN34",72944.55,"Queens","Queens Village",14855,1201,575,581,1781,1306,5,5444,0.366475934028946,0.91844232182219,0.336587007741501,"0.5 - 1.0"
"145","QN35",55049.7272727273,"Queens","Briarwood-Jamaica Hills",9928,909,428,411,1210,786,6,3744,0.377115229653505,1.6025641025641,0.604351329572925,"1.5 - 2.0"
"146","QN37",55596.5555555556,"Queens","Kew Gardens Hills",10899,1077,490,485,1249,811,6,4112,0.377282319478851,1.4591439688716,0.550509221029452,"1.0 - 1.5"
"147","QN38",66714.1428571429,"Queens","Pomonok-Flushing Heights-Hillcrest",10514,692,385,342,1013,699,4,3131,0.29779341829941,1.27754710954966,0.380445120791326,"1.0 - 1.5"
"148","QN41",76245.75,"Queens","Fresh Meadows-Utopia",4498,406,212,198,638,356,3,1810,0.402401067140952,1.65745856353591,0.666963094708759,"1.5 - 2.0"
"149","QN42",77157,"Queens","Oakland Gardens",6547,529,296,284,883,627,5,2619,0.400030548342752,1.90912562046583,0.763708568810142,"1.5 - 2.0"
"150","QN43",73950.3333333333,"Queens","Bellerose",6556,559,266,269,839,556,4,2489,0.379652226967663,1.60707111289675,0.61012812690665,"1.5 - 2.0"
"151","QN44",72114.2,"Queens","Glen Oaks-Floral Park-New Hyde Park",4268,339,181,171,505,342,4,1538,0.360356138706654,2.60078023407022,0.937207122774133,"2.0 or greater"
"152","QN45",83357,"Queens","Douglas Manor-Douglaston-Little Neck",5534,461,252,258,793,568,4,2332,0.421395012649078,1.71526586620926,0.722804481387785,"1.5 - 2.0"
"153","QN46",72209.4444444444,"Queens","Bayside-Bayside Hills",10306,825,449,411,1339,913,6,3937,0.382010479332428,1.5240030480061,0.58218513487289,"1.5 - 2.0"
"154","QN47",62204.6666666667,"Queens","Ft. Totten-Bay Terrace-Clearview",3858,361,144,169,514,327,3,1515,0.392690513219285,1.98019801980198,0.777604976671851,"1.5 - 2.0"
"155","QN48",69898.7142857143,"Queens","Auburndale",4579,368,192,194,580,387,3,1721,0.375846254640751,1.74317257408483,0.655164883162263,"1.5 - 2.0"
"156","QN49",78456.5,"Queens","Whitestone",7034,608,307,299,958,664,7,2836,0.403184532271823,2.46826516220028,0.995166334944555,"2.0 or greater"
"157","QN50",47516,"Queens","Elmhurst-Maspeth",6238,594,332,308,815,544,3,2593,0.415678101955755,1.15696104897802,0.480923372875922,"1.0 - 1.5"
"158","QN51",65885.5384615385,"Queens","Murray Hill",11049,975,477,480,1338,843,5,4113,0.372250882432799,1.2156576707999,0.452529640691465,"1.0 - 1.5"
"159","QN52",58028.9166666667,"Queens","East Flushing",6328,503,272,257,789,517,3,2338,0.369469026548673,1.28314798973482,0.474083438685209,"1.0 - 1.5"
"160","QN53",54801.8,"Queens","Woodhaven",17509,1466,751,689,2202,1607,5,6715,0.383517048375121,0.744601638123604,0.285567422468445,"0.5 - 1.0"
"161","QN54",57175.6,"Queens","Richmond Hill",19752,1712,830,835,2477,1704,8,7558,0.382644795463751,1.0584810796507,0.405022276225192,"1.0 - 1.5"
"162","QN55",56469.96,"Queens","South Ozone Park",22769,1741,938,941,2822,1984,9,8426,0.37006456146515,1.06812247804415,0.395274276428477,"1.0 - 1.5"
"163","QN56",51238.5714285714,"Queens","Ozone Park",6343,533,274,263,785,592,4,2447,0.385779599558568,1.63465467919902,0.630616427557938,"1.5 - 2.0"
"164","QN57",68384.25,"Queens","Lindenwood-Howard Beach",5698,499,293,263,760,512,3,2327,0.408388908388908,1.28921357971637,0.526500526500526,"1.0 - 1.5"
"165","QN60",55669,"Queens","Kew Gardens",5107,490,255,207,690,417,1,2059,0.403172116702565,0.485672656629432,0.195809672997846,"0.0 - 0.5"
"166","QN61",40244.2,"Queens","Jamaica",15943,1481,760,671,2037,1304,6,6253,0.392209747224487,0.959539421077883,0.376340713792887,"0.5 - 1.0"
"167","QN62",62292.6,"Queens","Queensboro Hill",4965,474,240,194,632,380,5,1920,0.386706948640483,2.60416666666667,1.00704934541793,"2.0 or greater"
"168","QN63",56862.5,"Queens","Woodside",10141,919,479,478,1308,817,5,4001,0.394537027906518,1.24968757810547,0.493048022877428,"1.0 - 1.5"
"169","QN66",82095,"Queens","Laurelton",6697,538,264,295,845,622,1,2564,0.382857996117665,0.390015600624025,0.149320591309542,"0.0 - 0.5"
"170","QN68",33379.1111111111,"Queens","Queensbridge-Ravenswood-Long Island City",6063,528,246,273,754,509,7,2310,0.380999505195448,3.03030303030303,1.15454395513772,"2.0 or greater"
"171","QN70",50198.5652173913,"Queens","Astoria",14681,1307,596,617,1824,1219,5,5563,0.378925141339146,0.898795613877404,0.3405762550235,"0.5 - 1.0"
"172","QN71",49041.25,"Queens","Old Astoria",6506,534,284,272,829,534,4,2453,0.377036581616969,1.63065633917652,0.614817091915155,"1.5 - 2.0"
"173","QN72",52639.4705882353,"Queens","Steinway",8595,865,374,365,1094,713,10,3411,0.396858638743456,2.93169158604515,1.16346713205352,"2.0 or greater"
"174","QN76",59390,"Queens","Baisley Park",11200,902,434,456,1499,963,9,4254,0.379821428571429,2.11565585331453,0.803571428571429,"2.0 or greater"
"175","QN98",0,"Queens","Airport",0,0,0,0,0,0,NA,0,NA,0,NA,"0.0 - 0.5"
"176","QN99",14828.125,"Queens","park-cemetery-etc-Queens",71,3,1,4,10,3,24,21,0.295774647887324,NA,NA,"Park"
"177","SI01",92485.5,"Staten Island","Annadale-Huguenot-Prince's Bay-Eltingville",7467,582,340,332,1026,703,9,2983,0.399491094147583,3.01709688233322,1.20530333467256,"2.0 or greater"
"178","SI05",94928.8888888889,"Staten Island","New Springville-Bloomfield-Travis",10781,905,460,501,1430,979,7,4275,0.396530934050645,1.6374269005848,0.649290418328541,"1.5 - 2.0"
"179","SI07",81991.7142857143,"Staten Island","Westerleigh",6346,593,291,301,844,567,4,2596,0.409076583674756,1.54083204930663,0.630318310746927,"1.5 - 2.0"
"180","SI08",56672.75,"Staten Island","Grymes Hill-Clifton-Fox Hills",7847,595,293,293,860,579,4,2620,0.33388556136103,1.52671755725191,0.509748948642793,"1.5 - 2.0"
"181","SI11",87730.75,"Staten Island","Charleston-Richmond Valley-Tottenville",6900,596,338,336,1055,668,5,2993,0.433768115942029,1.67056465085199,0.72463768115942,"1.5 - 2.0"
"182","SI12",52716.75,"Staten Island","Mariner's Harbor-Arlington-Port Ivory-Graniteville",11157,943,474,476,1460,1057,5,4410,0.395267545038989,1.13378684807256,0.448149144035135,"1.0 - 1.5"
"183","SI14",62108.2,"Staten Island","Grasmere-Arrochar-Ft. Wadsworth",4410,382,210,207,573,397,3,1769,0.401133786848073,1.69587337478802,0.680272108843537,"1.5 - 2.0"
"184","SI22",49293.8181818182,"Staten Island","West New Brighton-New Brighton-St. George",11167,980,512,502,1509,955,9,4458,0.399211963821975,2.01884253028264,0.805946091161458,"2.0 or greater"
"185","SI24",80953.4285714286,"Staten Island","Todt Hill-Emersn Hill-Heartland Villg-Lighthse Hill",7524,582,290,346,959,684,3,2861,0.380249867091972,1.04858441104509,0.398724082934609,"1.0 - 1.5"
"186","SI25",74712.4,"Staten Island","Oakwood-Oakwood Beach",5715,465,237,257,773,514,3,2246,0.393000874890639,1.33570792520036,0.5249343832021,"1.0 - 1.5"
"187","SI28",60882,"Staten Island","Port Richmond",6589,594,307,281,882,589,3,2653,0.402640764911216,1.13079532604599,0.455304295037183,"1.0 - 1.5"
"188","SI32",85272.6666666667,"Staten Island","Rossville-Woodrow",5932,524,269,293,868,537,4,2491,0.419925826028321,1.60578081091931,0.674308833445718,"1.5 - 2.0"
"189","SI35",74699.4,"Staten Island","New Brighton-Silver Lake",4934,448,251,255,700,445,4,2099,0.425415484394001,1.90566936636494,0.810701256586948,"1.5 - 2.0"
"190","SI36",54285.8,"Staten Island","Old Town-Dongan Hills-South Beach",6303,518,279,282,812,554,5,2445,0.387910518800571,2.04498977505112,0.793273044581945,"2.0 or greater"
"191","SI37",49915.5,"Staten Island","Stapleton-Rosebank",8326,746,353,381,1141,714,4,3335,0.400552486187845,1.19940029985007,0.480422772039395,"1.0 - 1.5"
"192","SI45",72514.8,"Staten Island","New Dorp-Midland Beach",5766,500,246,260,741,508,4,2255,0.391085674644468,1.77383592017738,0.693721817551162,"1.5 - 2.0"
"193","SI48",85234.5,"Staten Island","Arden Heights",7045,653,289,315,936,627,2,2820,0.40028388928318,0.709219858156028,0.28388928317956,"0.5 - 1.0"
"194","SI54",86423.875,"Staten Island","Great Kills",10829,921,474,516,1399,974,6,4284,0.395604395604396,1.40056022408964,0.554067780958537,"1.0 - 1.5"
"195","SI99",0,"Staten Island","park-cemetery-etc-Staten Island",0,0,0,0,0,0,NA,0,NA,NA,NA,"Park"
